0ecdbaa5	-
3adabfd0	-
1f04a846	-
c456c1f1	-
20d23305	-
9159dec9	-
3688e1b8	-
e23c56db	-
3146b336	-
8f499cf1	-
448f8f59	-
fd043824	-
840ae56c	-
acdf14a9	-
d6f58318	-
b1c2e853	-
07f47518	-
785d8aef	-
c5cc4036	-
b8bfd49c	-
1843b010	-
e9561726	-
7bf37f9c	-
9b55676a	-
1fdba6c8	-
06b7bcd3	-
d5923e96	-
37f55c5d	-
352f206f	-
177b69c8	-
cb9ac780	-
33d0b284	-
9f4ca117	-
d993601c	-
90e47cef	-
bc624618	-
e9c4246f	-
bcac5798	-
7f3aefe2	-
77c29211	-
86194805	-
c13a16e0	-
51bda93e	-
c66bfa5a	-
d709d382	-
3890185a	-
e5599fae	-
ffaa5971	-
be0a2d2a	-
c8aa19d3	-
1a83fa16	-
98514762	-
3bf808a0	-
9f4cabbd	-
1b42b3f2	-
0e631582	-
bcd99e7a	-
d21865e9	-
578ee1fc	-
ea1a668d	-
27d7f136	-
ed9988eb	-
b9049039	-
5e3d6403	-
2f71f997	-
1aec44bf	-
07ea3f78	-
9471b216	-
7098c4dd	-
fa23ff1b	-
c6d138b0	-
7fbe61f5	-
fb9b0470	-
8046c03e	-
856addfc	-
81f6372d	-
6b6e2bd0	-
52299953	-
4c5391ab	-
e890714a	-
b6f2d14a	-
03529982	-
7d4b3af1	-
65d4cd96	-
2437cb6e	-
1a27ebf5	-
ec0c56b3	-
18893b27	-
341466d0	-
d72b016e	-
c808fe91	-
0fe2a6df	-
5db68353	-
d4b7ccf8	-
98a4c71b	-
5449f4a8	-
6bcc4fe8	-
65df205b	-
8318f86b	-
2393221a	-
b1ed1e7f	-
3605ba3e	-
1aa3141a	-
1ac97ec7	-
fca4b743	-
247423b0	-
1ba1e29f	-
58b65a1b	-
9223e930	-
28804c63	-
85c3dd75	-
dfc30b4a	-
bb205f48	-
7382a5e6	-
7f8993a0	-
3fe222b9	-
69241390	-
b348d02c	-
0186ec2d	-
6855140a	-
d5004916	-
809c31f9	-
c705cab5	-
e1e63f11	-
2d31218a	-
7e47aa6e	-
1681ea31	-
b2a8b510	-
1e981237	-
0268b858	-
52dd3bcc	-
4c48498c	-
d7abfede	-
395f3e28	-
32f97c9c	-
04ec0494	-
cf7ed572	-
fbe249db	-
fc6a8ad3	-
d180ff7b	-
4ccd99f1	-
43da7630	-
b6362378	-
cde7ea4d	-
a06bc9df	-
26415e14	-
5e73e92d	-
abf328b2	-
fb844e64	-
2b3f805d	-
1a653cac	-
97c7c795	-
ce22cf4b	-
6c1dfe66	-
507a7d6c	-
284260a1	-
9c21c6b7	-
7a9b69d2	-
52a68371	-
4505b1db	-
2f2d2d0a	-
c7d096ca	-
b7363939	-
f69f129e	-
9aa15944	-
5eee732d	-
152ce5cd	-
fdeb820a	-
630255bc	-
f5f92fd9	-
a927292c	-
7097c2d2	-
7fd15caf	-
25375c68	-
911e88ef	-
80b7c66e	-
017b7236	-
a33dbcd1	-
942232f8	-
5dc8d6d8	-
9934f9a1	-
68aaf1b8	-
339511cd	-
557641df	-
e7390256	-
f075111a	-
b4a19d88	-
904a2206	-
4882acdb	-
1c7474cf	-
d3fe6b18	-
5e45b20f	-
49fc3e02	-
e43ed103	-
db250d2a	-
b48d3e39	-
4828fa4b	-
0a495480	-
dd681f51	-
8225aed1	-
378aec80	-
752eca04	-
579240eb	-
40795f01	-
bbec57dc	-
0ccff831	-
cddae6b1	-
2352435b	-
9f239a6a	-
81041799	-
315d91f8	-
d9ea77ae	-
40ad8ee1	-
cee56934	-
0b77fe4b	-
4ceb0e7d	-
f9025892	-
e9edeb60	-
304117b6	-
66dcc319	-
