# _app_1c_companies — rooms, reactions, post types, company directory, reviews
e9b6a65a	Technical Office
bd8b4aa9	Quantity take-off, IPCs, shop drawings
ae203974	Site
3b3b8cf7	Execution, allowances, working hours
a03b517f	Fresh grads
20253168	First job, first salary
a7c092dc	New Capital, Alamein & North Coast
ffd3e3e7	Mega national projects and their allowances
f435b370	Negotiation
95e1c0fd	Offers, raises, scripts
bf76d9a0	Structural Design
8b531035	ETABS, Egyptian Code, reviews
cd37c0a3	HVAC, electrical, fire fighting
646889cb	Delta & Upper Egypt
c06277de	The market outside Cairo
433c160c	Employers & HR
6c57e1af	The other side of the table — no names
f53654af	Ask an Expert · AMA
fdcad9f1	A weekly session with a senior engineer
69b4414e	Agree
ba6a1a40	Disagree
da233569	Helpful
b4b22782	Question
571032d7	Take the offer?
10e02928	Salary reveal
35255003	Poll
30f0edcc	Egyptian consultant
c8b97546	International — projects in Egypt
b6425a98	Back offices of foreign firms
092e8698	Government & authorities
a599e811	Transport & metro
22322cfc	Saudi, Emirati, American and European firms running engineering production offices in Egypt for their projects abroad. Salaries are priced in the parent company’s currency and paid in EGP — which is why they sit clearly above the local market.
99dd3777	International firms building or consulting on projects inside Egypt under local contracts.
9f5f187b	Egypt
f1f55284	International — HQ in {0}
e58d6f73	Orascom Construction
8c90dfa3	Private · listed
e7a096d9	Grade 1
4a3754d9	General contracting · Infrastructure · Energy
7119315c	Site allowance
667ceb25	Medical insurance
fba476f2	Accommodation on projects
934c416a	Annual raise
8d445e6f	Site Engineer · 3 years
921ba955	3 days ago
e892dda3	Lots of work, but you genuinely learn. The site allowance makes a difference, and the annual raise comes on time.
dd4d2964	Technical Office Engineer · 6 years
a3d58114	A week ago
a1c41a80	The technical office is excellent experience, but pay lags the market by a year or two. Negotiate from day one.
21116a74	The Arab Contractors (Osman Ahmed Osman & Co.)
2e783902	Public business sector
13514312	General contracting · Bridges · Tunnels · Public sector
48488a80	Job security
f889f35d	Full social insurance
d1bc12fd	Pension
2d334619	Project allowance
a7be2a75	Design Engineer
358befba	Site Engineer · 5 years
14a551af	5 days ago
0ade00cd	Job security is high, and mega-project experience really stands out on a CV — but pay is clearly below market.
cfd957c8	Technical Office Engineer · 8 years
bf619fdb	3 weeks ago
72286d68	Promotions are slow. If money is your goal for the first 5 years, the private sector suits you better.
9109d479	Hassan Allam Construction
7b6fb1f9	Private, family-owned
47698a6f	Contracting · Infrastructure · Water
d0d44d41	Transport allowance
2c3af2c6	Accredited training
a8722de8	Technical Office Engineer · 4 years
39823552	2 days ago
e6c4aef7	The best thing is the training is real, not a formality. Pay is at market level, and the annual raise is a fixed percentage.
cc5e6b9c	SAMCRETE
df73aa3c	Private
723da2b0	General contracting · Industrial
74e01472	Concord for Engineering & Contracting
495367d7	General contracting · Towers · Hotels
245f25d0	Redcon Construction
68a7b19d	Contracting · Development
9388a141	6 days ago
0bfee981	Projects move fast and so does learning. Pay is a bit below market, but the site allowance makes up part of it.
ddc4feb5	Rowad Modern Engineering
f16e1ca7	General contracting · Government projects
d3fdec97	El Hazek Construction
b00300d5	General contracting · Infrastructure
e03d759e	The Egyptian Contracting Co. (Mokhtar Ibrahim)
fff75f96	General contracting · Public sector
7beac009	Social insurance
5da5db54	Wadi El Nil Contracting
2fa52e4f	Misr Concrete Development
1f6dd3d6	Contracting · Precast concrete
e8bbd3cc	Concrete Plus
101d4cd7	Talaat Moustafa Group
f877e190	Real estate development · Integrated cities (Madinaty, El Rehab, Noor)
b7e8e434	Unit discounts
22c059f8	Palm Hills Developments
d7069d89	Architect · 2 years
000120f2	4 days ago
a58d8bb1	Great title and high-profile projects, but pay for the first two years is below market. Negotiate a raise after 6 months.
baca99dd	SODIC
d7da05e8	Hybrid work
f5cbdf0a	Emaar Misr
43e78b01	International (Emaar Properties)
f0aba07c	Family medical insurance
fa6065fe	Mountain View
0f4c410f	Orascom Development
eb260f23	Resort-town development (El Gouna, Makadi, O West)
ee596d8c	Madinet Masr for Housing & Development
fb6a64c8	Al Ahly Sabbour
59b9e735	Private (partnership with National Bank of Egypt)
028603fe	Tatweer Misr
2449776c	Real estate development (Il Monte Galala, Bloomfields)
00edea7f	Ora Developers
16527ed6	Real estate development (ZED, Silk)
15e852b0	Hyde Park Developments
bf0db211	Engineering Consultants Group (ECG)
d97da187	Design & supervision consultant
2d467111	Supervising mega projects
5e0298f7	Supervision Engineer
11deb30a	Supervision Engineer · 4 years
abe450f5	Supervising big national projects is excellent experience; pay is average but always on time.
54e7a8c3	Arab Consulting Engineers — Moharram Bakhoum
8566f391	Structural & architectural design consultant
0c88800e	Mega projects
d279b2a9	Flexibility
7934224a	Structural Technical Office Engineer
c728551b	Design Reviewer
3e3f5e6c	Structural Design Engineer · 4 years
a5afc02f	2 weeks ago
4479f22a	If you want to learn structural design properly, this is the place. Pay is good and the projects open doors.
3e010184	EHAF Consulting Engineers
08544d9b	Multidisciplinary consultant
558e32cf	Gulf projects
4b4b183c	Shaker Consultancy Group
2bc5a2f7	Sabbour Consulting
17eb1a4b	Design & project management consultant
3df57db1	Project Management Engineer
35f8c437	Arab Bureau for Design & Consultancy
5424ad5a	Architectural & structural consultant
98983f30	ARCHPLAN
6d10fc03	Architectural design consultant
ea43a0b1	Dar Al-Handasah (Shair and Partners)
b7de7e68	International
f5c6bd72	Design & management consultant — Cairo office
58d48b5f	International projects
8e1499ec	Comprehensive insurance
77993ef3	Structural Design Engineer · 6 years
1f27b8fd	High standards and strict reviews — that’s what makes you learn. Pay is among the highest of any consultant in Egypt.
89662e89	Khatib & Alami — Egypt
10117419	Consolidated Contractors Company (CCC) — Egypt
f298af5c	General contracting · Oil & gas
7acf1997	Accommodation
1e07aad7	AECOM — Egypt
966cbeea	Consultancy & project management
516d8c3d	AtkinsRéalis — Egypt
209baca9	Design & management consultant
2ec7461a	WSP — Egypt
3fe7a785	Mott MacDonald — Egypt
81b2969e	Infrastructure & water consultant
b385fa20	Egis — Egypt
8d1778d9	Transport & airports consultant
f3583ad3	Hill International — Egypt
e0aba2e7	Project management & supervision
8100a2af	New Urban Communities Authority (NUCA)
15a28678	Government
5d19ecf7	Planning and developing new cities
8e8762bc	Urban Planning Engineer
053c663c	Administrative Capital for Urban Development (ACUD)
7b5862ba	Joint-stock (Armed Forces + NUCA)
0d702e2b	Developing and managing the New Administrative Capital
faabadcd	National Authority for Tunnels (NAT)
b516e656	Metro · Tunnels · Railways
52a8fc35	General Authority for Roads, Bridges & Land Transport (GARBLT)
c974ff88	Roads & bridges
aa253f3f	Suez Canal Authority
a4b44757	Canal · Ports · Shipyards
495a9e0b	Insurance
6811d675	Armed Forces Engineering Authority
f79ac99a	Supervising and managing national projects
ea463e9d	Elsewedy Electric
8ca1c1cd	Cables · Energy · Electromechanical contracting
38fac5fc	Transport
93840625	Annual profit share
0c34ed28	Electrical Engineer · 5 years
8841251f	The annual profit share really makes a difference. An organised industrial environment with a clear promotion path.
09a47a11	Ezz Steel
43dfc371	Iron & steel
f9a0ef07	Profit share
e167fcd7	Egyptian Steel
5fbfad15	Suez Cement
580f9ada	Cement
d08094cf	Schneider Electric — Egypt
2a740bf6	Energy & automation
02d6fd22	Automation Engineer
e66e832f	Siemens Energy — Egypt
70df8dac	Power plants & energy
366f998a	Petrojet
dc5e60eb	Petroleum sector
83157b19	Petroleum contracting · Pipelines
8e171ea1	Remote-site allowance
b74ca1ff	Mechanical Engineer · 6 years
cf0bde84	Remote sites are hard on family life, but the allowances bring pay up to double an office job.
6e154354	ENPPI
2fe8b606	Oil & gas engineering and contracting
751f0533	Site allowances
027bdf61	Projects Engineer
4a61690b	Petrobel
1e2940cd	Joint venture (EGPC · Eni)
d09b9fba	Oil & gas production
c4fb9efc	Field allowance
43c163d2	Egyptian Natural Gas Company (GASCO)
5f083023	Natural gas transmission
51da0666	Parsons — Cairo office
a9eb5a2b	United States
73aa60f3	Infrastructure · Transport · Project management for the Gulf
df085549	Salary pegged to the US dollar
7d266964	Travel allowance for projects
ed459e84	Civil Engineer · Design · 7 years
7c049610	The difference isn’t just the number — pricing in dollars means inflation doesn’t eat your raise. American standards and strict deliverables.
a025b3e7	Jacobs — Cairo
49618e02	Engineering consultancy · Water · Transport
85322dfb	Bechtel — Egypt
bcb37bc8	Major infrastructure · Energy
4c2463a4	Worley — Cairo
f62c5d9c	Australia
b8a92e85	Oil & gas · Energy — production for the Gulf
12981851	Process Engineer
8699cabd	Technip Energies — Egypt
36a1dc72	France
ebb5a939	Natural gas · Refineries — detailed engineering
697768f6	Salary pegged to the euro
1970a43f	International training
8cdae918	Petrofac — Egypt
9bc10b8c	UAE
9abe9793	Oil & gas · EPC
b13fe13d	Salary pegged to the UAE dirham
3bea1479	Saipem — Egypt
fd068e92	Italy
9274557b	Oil & gas · Offshore
f05162e1	Marine Engineer
38aa8268	Saudi Diyar Consultants — Cairo office
cd8d189f	Saudi Arabia
594c50ee	Architectural & structural design consultant for projects in the Kingdom
92365c39	Salary pegged to the Saudi riyal
9b54a281	Vision 2030 projects
005c8dc1	Dar Al Riyadh — Egypt
d2e27395	Consultancy & project management for the Kingdom
3f3b5bb3	Buro Happold — Cairo
029342e2	United Kingdom
3199fca1	Structural & MEP consultant for international projects
297f3fc5	Salary pegged to sterling
92f51032	MEP Engineer
89416199	Siemens Mobility — Egypt
82c3f126	High-speed electric train
c403119f	Alstom — Egypt
177e8079	Monorail · Metro · Signalling
d2d80914	Systra — Egypt
382b8507	Transport & metro consultant
0968f6b4	Wikipedia (logo of the official page)
929a5fdf	The company’s official website
efe9149b	Official website icon
a7f55091	Official website
29b43c7b	{0} logo
