# _app_1d_jobs — job ads, seed posts and replies, notifications, message threads
e6bb8dac	Civil Site Engineer
767bd85e	A day ago
5245169d	Daily supervision of concrete and finishing works on a residential project in the New Administrative Capital, following up subcontractors and progress reports.
dab78654	BSc in Civil Engineering
4cf12908	3–5 years on construction sites
9832e37a	Strong AutoCAD and shop-drawing reading
d127166b	Willing to work in shifts
b4778f6e	Recruitment team
4aa14260	Preparing shop drawings, quantity take-offs and IPCs for an administrative building, and coordinating between design and site.
5ffe6033	3–5 years in a technical office
b0eab98a	Strong Revit or AutoCAD
e8b8b141	Experience with take-offs and IPCs
bfbdf75b	Good communication with the consultant
742108a1	Human Resources
c02205fd	Designing structural elements for international projects in ETABS and SAFE, and reviewing designs against the Egyptian Code (ECP) and ACI.
436e4dba	5–8 years in structural design
a4ef9af7	Knowledge of the Egyptian Code and ACI
c6c99050	Excellent English
71930466	Building BIM models and coordinating disciplines in Navisworks for a hospital project, and managing clash detection.
23596ca6	Advanced Revit
46a86bcf	3+ years in BIM
0aec8c12	Autodesk certification is a plus
3de0e5a1	HR department
c7383a1c	Helping develop architectural designs for residential units and preparing presentation boards.
96cecb59	Fresh graduate or up to two years’ experience
17e86777	A strong sense of design
57700de9	Hiring team
8c1fbbf6	Building schedules in Primavera P6 and tracking progress for a tower project in New Alamein. On-site accommodation and away-from-home allowance.
e4e8af51	5+ years in planning
a576216a	PMP is a plus
4b4ec0bd	Living on site
2c90ded7	Alamein project hiring
62f5704a	+ away-from-home allowance and accommodation
91130178	Executing electrical works for a transformer substation and following up testing and commissioning.
31a6b1d3	3–5 years on substations
9c755d9e	Reading SLD drawings
f04646bf	Knowledge of IEC standards
fca86143	Eng. Ahmed — HR
c9a3b8df	8 days ago
4c9e0499	Surveying and setting-out works for a pipeline project, operating Total Station and GNSS equipment.
1b38057d	3+ years in site surveying
ab1eab0c	Civil 3D is a plus
aa60db99	Personnel affairs
a770161a	+ remote-site allowance
5b4ae2a6	9 days ago
e2b935d1	Designing HVAC and ventilation systems for data centres and office buildings, with load calculations in HAP.
c9bf46a2	5+ years in HVAC
56d40d76	Knowledge of ASHRAE
731fbf88	10 days ago
2b2b4a07	Execution engineer for a social housing project in New Assiut.
5763df22	Fresh graduate or two years’ experience
7b764516	Engineers Syndicate registration
62df3bb6	Willing to live on site
d9a11e09	Recruitment — Assiut branch
d4ff990f	Finishing Technical Office Engineer
266bd09d	11 days ago
cefcf698	Quantity take-off and follow-up of finishing works for residential units in Madinaty, and reviewing subcontractor IPCs.
62d9bfd6	3+ years in finishing works
6962cbef	AutoCAD · Advanced Excel
5dcd75c2	Quantity take-off experience
e70d3067	Mechanical Project Manager
b97b64a1	Managing a mechanical works package for a gas processing project, coordinating with suppliers and the client.
d8ef6288	10+ years in oil & gas
3a123e04	Travel to sites
5001065d	Technical Office Section Head
44c78085	Leading a technical office team of 8 engineers on a hotel project, approving take-offs and IPCs, and reviewing shop drawings before the consultant does.
917deaee	9+ years in a technical office, including 3 leading a team
57f6076f	Revit · AutoCAD · Advanced Excel
a1285b0c	Experience with contracts and claims
0464572d	Eng. Sara — HR
876d6af0	Structural design for residential and office projects in Saudi Arabia from the Cairo office, to the Saudi Building Code (SBC) and ACI, coordinating with the Riyadh teams.
0d34f6f7	5+ years in structural design
cc455ffa	Knowledge of SBC and ACI
5b2ee251	Very good English
268ca0de	Cairo office
86cb24db	Mona El Sherif
0e83f75d	Civil Engineer · BIM & Modelling · Senior Engineer · Sheikh Zayed · Giza
b1107c2f	Karim Adel
cd51aae7	Civil Engineer · Planning & Control · Team Leader · Nasr City · Cairo
504834dd	Civil Engineer · Technical Office · Engineer (Mid-level) · New Cairo · Cairo
55b2caca	2 hours ago
bd97ac94	Does anyone know civil engineer salaries at Orascom Construction at 4–5 years’ experience? They offered me EGP 17,000 in the technical office on a New Capital project. Is that good or below market?
a89a4a33	Civil Engineer · Site · Engineer (Mid-level) · 6th of October · Giza
caf1fc4c	An hour ago
b1e23e96	That’s my current number at the same company. 17 is a very good start.
82bbebdb	Civil Engineer · Technical Office · Senior Engineer · Nasr City · Cairo
be19088b	50 minutes ago
be21dbdd	17 in the technical office at Orascom at 4 years is a good number and not below market. What really matters is the annual raise — ask for it as a percentage, not a vague promise, and ask for a transport allowance because the New Capital is far.
f749fd23	30 minutes ago
8da7a67b	@e08c Thanks. I’ll ask about the raise percentage and the transport allowance on the next call.
8d4098d6	Civil Engineer · Site · Junior Engineer · El Shorouk · Cairo
145ab077	12 minutes ago
379ba05b	Accepted
3294cb25	A similar offer at Redcon
5cfdad02	I accepted 15,500 in the technical office at Redcon last year and negotiated a review after 6 months — it went up to 17,000. Accept, and negotiate the review.
72b8c6ea	20 minutes ago
d1d58dfd	I’m posting under my name because I was a planning manager on a New Capital project: technical office at 4 years started at 17 and reached 19 with the transport allowance. 17 is a fair number — negotiate the allowance in writing.
7939550b	HR · General Contracting · New Cairo · Cairo
197252f2	5 minutes ago
e8ef1359	From inside HR at a big contractor: 17 for a technical office engineer with four years is within the range we actually offer. Our annual raise is 10–15% depending on appraisal — ask for the number in the written offer, not verbally.
0c68466e	Civil Engineer · Planning & Control · Senior Engineer · New Alamein · Matrouh
aab080e5	4 hours ago
8426a64d	Transport allowance 1,500 · Medical insurance
224dca89	I’m sharing my number so the next person knows how to negotiate. Primavera + PMP made the difference in my last raise.
c5b05168	3 hours ago
c41ac5b0	Thanks for being transparent. Question: what percentage was your last raise?
7ea66324	@b2f7 15% — and the PMP was the main argument.
c99ca44d	Civil Engineer · Site · Senior Engineer · Helwan · Cairo
196916ad	6 hours ago
227bfc2e	Ends in 9 hours
1aa5f342	Eng. Karim Adel
5a78f228	An offer of 21,000 + accommodation and transport in New Alamein, versus 17,000 in Cairo close to home. I’m married with a child. Should I take it?
9902c507	Mechanical Engineer · Site · Senior Engineer · Ain Sokhna · Suez
e9418388	5 hours ago
65986da4	I did it for two years at Petrojet. The money really adds up because accommodation and food are on them — but set a fixed period up front and agree on moving back to a Cairo project afterwards.
78fdf9d9	Civil Engineer · Structural Design · Team Leader · Mohandessin · Giza
e7f2464b	8 hours ago
9855bea1	The difference between site and technical office isn’t just the basic salary. Site gets transport and accommodation allowances worth up to EGP 6,000 on top of basic, but the technical office opens the way to design and BIM. Choose based on the next 5 years, not next month.
db358f0e	Civil Engineer · Structural Design · Senior Engineer · Dokki · Giza
079c7e81	7 hours ago
ff415396	Spot on. I started with two years on site and then moved to the technical office, and moving into design was much easier for me than for colleagues who stayed on site.
8ce3deb1	Civil Engineer · Site · Senior Engineer · Maadi · Cairo
cb5cf9f4	But watch out: site allowances don’t count towards social insurance or bonus calculations. The basic salary is what everything is built on.
4e116443	Site Supervisor · 10th of Ramadan · Sharqia
57b3d4e7	From the site side: an engineer who spent two years on execution is faster and more accurate after moving to the technical office, because they know what the take-off is actually for. Those who start straight in the technical office are slower to read the site.
0998dd89	Civil Engineer · Structural Design · Senior Engineer · Nasr City · Cairo
0e41ee0a	Reinforcement detail of beam B1: side elevation showing top and bottom bars and stirrups, plus section 1-1
1c3cb5cf	Reinforcement detail of beam B1 from a residential project — stirrups are denser at the supports (Ø8 @ 10 cm over a quarter of the span) and @ 20 cm at mid-span. Any comments before we issue it to site?
a2aeb3b7	The distribution is fine. Just check the lap length of the bottom bars if the contractor will splice at the support — at least 50 diameters, and state it clearly on the drawing.
16978f4f	I’m posting under my name because I stand behind this number: BIM engineer with 9 years at a consultancy in Sheikh Zayed, earning 34,000 after my last raise. What made the difference for me: two documented BIM Level 2 projects, not courses. Ask me about moving from design to BIM.
bfb1c9a3	Architect · Architectural Design · Engineer (Mid-level) · Nasr City · Cairo
3cbf384a	Thanks for posting under your name — it gives the number weight. Did you learn BIM Level 2 on the job or on an outside course?
447814b7	@6b1e On the job, on a real project — a course alone doesn’t make a difference in interviews. Ask to own the federated model on your first project.
7b631c06	Mechanical Engineer · MEP Design · Senior Engineer · Nasr City · Cairo
60416cb3	What matters most after basic salary when comparing two offers?
4aeb9959	Site / accommodation allowance
e8dd2654	Annual raise at a fixed percentage
d74948a4	I’m comparing two offers with a similar basic salary. What makes the difference for you?
5b059e16	Electrical Engineer · Site · Senior Engineer · 10th of Ramadan · Sharqia
0ee35f36	20 hours ago
09d4ca5b	The fixed raise. Everything else changes when the project changes.
25fab83a	Civil Engineer · Site · Junior Engineer · Haram · Giza
c4fb463b	First time asking for a raise. I went in with the number I found here (13,500 median in Giza) and my manager agreed to 12,800 instead of 10,000. Thanks to everyone who shared their number — transparency worked.
41d1e7fa	That’s exactly why this place exists. Congratulations — and log your new number under salaries for the next person.
b936dbd2	Civil Engineer · Technical Office · Team Leader · Mansoura · Dakahlia
cc28d7c2	A 28% raise in one go is rare in Egypt. Well done.
59eb896a	Architect · Consultant Supervision · Junior Engineer · Mohandessin · Giza
238051eb	An offer of EGP 9,500 for an architect with two years’ experience at a consultancy in Mohandessin. Should I accept or wait for another offer? The data here says the median is 10,000 and the upper quartile 12,500.
9636259f	Architect · Architectural Design · Engineer (Mid-level) · Sheikh Zayed · Giza
aef90722	If the firm has a good name and its projects get published, these two years are an investment. But ask for 11,000 using the numbers you have from here — numbers change the conversation.
816ebff1	Architect · Architectural Design · Junior Engineer · 6th of October · Giza
94b71be6	Declined
0102c488	Accepted less at a developer
df2e7e7d	I accepted less than that at a real estate developer and regretted it. A consultancy teaches you more.
93bdcd45	Since this year we’ve stopped putting a salary range in our ads — the app calculates the expected range from the market and shows it to the engineer, and we negotiate within it. What gets us to raise an offer in the interview isn’t the number you ask for, it’s how steady that number is and how well you can explain it. Ask me about hiring at big contractors — I’ll answer honestly and anonymously.
a5477260	Straight question: when two candidates are equal, what decides it — certificates or experience in the type of project?
6021eabe	@7d1a The type of project. An engineer who has worked on towers gets picked for a tower project even with fewer certificates. Certificates make a difference in the annual raise, not in getting hired.
b807405b	Thanks for being transparent. If every company treated the expected range as a floor, half the posts here wouldn’t exist.
87076fff	Business Owner · Consultancy · 40 engineers · Maadi · Cairo
5a604481	What would make you choose a small firm over a big company?
0818874d	More responsibility, faster
dc4a0418	Closeness to the decision-maker
a632bb9e	Flexible hours
901254d5	Nothing — big is safer
24b4d6f7	From the other side: small firms pay less because client payments come 90 days late. But we pay on time and teach design from day one. I want to understand your priorities.
c9d3da9e	Civil Engineer · Structural Design · Engineer (Mid-level) · Dokki · Giza
d9d4bb3c	I chose a small firm for 3 years and learned more than colleagues at big ones, but when I moved, the pay gap was 40%. Small is for learning, big is for money — and the order matters.
7d1a035d	Civil Engineer · Site · Engineer (Mid-level) · Minya · Minya
430d1e39	I work in Minya on 11,000 with a local grade-2 contractor. There’s an offer in New Cairo for 15,000, but rent there is 12,000+. Has anyone done this math?
6d001776	Use the relocation-cost tool here. The net difference is usually negative in the first year, but the value is in the experience and the network, not the number.
94777718	Civil Engineer · Technical Office · Technical Office Manager · Heliopolis · Cairo
bff55148	Today · 8 PM
c490c625	This week’s AMA: a technical office manager with 14 years in contracting and consultancy. Ask about raises, moving into design, and dealing with the consultant.
5f00fd7c	25 minutes ago
e067f324	How do I move from site to the technical office at the same company without taking a pay cut?
30f2b5bc	15 minutes ago
d8943964	@b7c0 Ask after handing over a phase, not in the middle of one. And present yourself as the fix for a problem in the technical office (take-offs running late, for example). The basic salary usually doesn’t drop because it’s the allowances that change — ask to have part of your site allowance folded into your basic.
2d4724d6	A job matching your profile — 96%
bcfdf8ed	Hassan Allam posted “Technical Office Engineer” in New Cairo: Civil · Technical Office · 3–5 years · Mid-level. Expected range EGP 17,500–23,500.
d68a52db	40 minutes ago
c9d4cff0	New reply to your question
c912a53d	#e08c replied to «مرتبات المهندس المدني في أوراسكوم…»
960b303b	A saved job is closing soon
6b50e147	“BIM Engineer” at ECG — apply directly to the company email in the ad; it closes in 3 days.
0c4ce7ae	Reaction to your comment
573589d6	12 engineers found your comment helpful in «الموقع مقابل المكتب الفني».
ec6f46d1	AMA tonight at 8 PM
66c1ba8b	A technical office manager with 14 years’ experience answers your questions in the Ask an Expert room.
4acecd21	A company you follow
175072f8	Dar Al-Handasah: 6 new salary reports this week.
1a2e557f	Data update 2026-Q1
a1600e1d	The insurable-wage cap was updated to ≈EGP 16,700 and the models were recalibrated.
876b16ff	Privacy update
4883cfa7	Your anonymous ID was renewed automatically. Your old activity isn’t linked to the new one.
52c25284	From your question about Orascom
0146e785	A colleague who accepts messages
95cecec3	Thanks for your reply. If you don’t mind, what was your annual raise over the last two years?
5cbf46aa	Yesterday · 9:12 PM
63cdd3f4	10% in the first year and 15% in the second, after handing over a phase. Ask for the percentage in writing in the offer.
267a7ea8	Yesterday · 9:30 PM
5c13cf2a	And if you’d like to talk in detail, here’s my number: 01000000909 — call me after 6 PM.
f4b84539	Today · 8:05 AM
8ace0fd9	HR · Hassan Allam Construction · New Cairo · Cairo
b34f48cf	Question about the “Technical Office Engineer” ad
dfe1c7d0	Question about a job ad
2a60a9e3	Does the job include a transport allowance to New Cairo? And is it 5 days in the office?
048a055c	3 days ago · 2:10 PM
994483fa	Yes to a fixed transport allowance, and it’s 5 days in the office with one flexible day after probation.
54d47e90	3 days ago · 4:42 PM
be1122ea	Send your CV from your personal email to jobs.hassanallam@example.com with “Technical Office Engineer — EngSpace” in the subject, or call us on 01000000102.
4df33c41	3 days ago · 4:44 PM
d0c31f4a	Great, I’ll send it today. Thanks.
e137b58d	3 days ago · 4:50 PM
20c2a22b	From a discussion in the Site room
78442b12	I saw your question about scheduling the slab pour. We start at 6 in the morning before the heat, and get the vibrators and the pump ready the night before.
12c790b9	Yesterday · 8:40 PM
8aab0f6a	Got it — and do you do the rebar inspection with the consultant the day before?
542b7821	Yesterday · 9:02 PM
8c72c630	Yes, and we photograph every slab before the pour and send it to the project group — it saves a lot of arguments later.
263b1540	Today · 7:15 AM
28975fbe	Civil Engineer · Technical Office · Engineer (Mid-level) · Nasr City · Cairo
40e68818	Matches the “Technical Office Engineer” job — open to companies
18f3e3e5	Hello. Your profile matches our “Technical Office Engineer” ad — if you’re interested, send your CV to jobs.hassanallam@example.com and we’ll arrange an interview.
25e54d84	Yesterday · 11:00 AM
2a4c1570	Interested. I’ll send it today from my email, and here’s my number if it’s easier: 01000000377.
8e49bb08	Yesterday · 1:20 PM
