# _app_1f_search — search stopwords and synonym groups are internal ('-'); a few double as visible labels
e6983862	-
aef2099d	-
aa7099e2	From
16dc1dd1	-
38486333	-
7e5ca428	-
8ab80326	To
f3c3b73b	-
c8ac1215	-
d2624f52	-
a62caa1e	-
2500c161	-
cabadd9e	-
c6d6d2ba	-
de1317f4	-
d214af82	-
5b8a8b2e	-
1ee0ab48	-
2d80a799	-
bbdb8191	-
44778435	-
d13692c9	-
941ddf4b	-
1b78792e	-
7a898715	-
1e55b052	-
2a9096ec	-
a800ea17	-
00730391	-
9a954ff0	-
b1a93b00	-
981b3413	-
aec02460	-
046c7b1f	-
bd1e5be1	-
78b26afc	-
c7abaf6d	-
79c91716	-
b54e24d3	-
c3f7aa65	-
6870afc7	-
d5bc53a0	-
af40b12e	-
e6e5d6ff	-
1a913753	-
a7f3dba2	-
79f100cd	-
0e6c0388	-
5bb2f0c8	-
8b5123a2	-
4b4f75b8	-
554bea16	-
4d9ca054	-
a88a03f7	-
e238b5c8	-
2db2a189	-
4f33962b	-
19793bfc	-
c948c8b7	-
fb08d316	-
990db788	-
0ae4e0e9	-
b3efb3b5	-
84b05c09	-
e2e91334	-
62a0491b	-
ee60710e	-
178a13dd	-
d171cd47	Salary
743496a3	-
414940fe	-
59bfd34b	Salaries
a4a1e495	-
7e2476fa	-
f0ca9373	-
6238609e	-
0c036b55	-
1f89d588	-
8fed9a8e	-
18463dd2	Interviews
487c987e	-
ab7be001	-
af0ae11a	Raises
1ac7cf1f	-
3c77984f	Offer
75580e94	Offers
f33f951a	-
c55356a4	-
4fb300e3	-
ff1cce7a	-
4fc65ceb	-
9a40a40a	-
24a2f689	-
c5d64274	-
124873da	-
3baeb480	Execution
1798dfd2	Sites
157fb3d0	Fresh graduate
a5a65783	-
2516b3a6	-
dc9f52ac	-
4838f58a	Allowance
5fc5ce59	Allowances
26e65505	-
91ccf864	-
788eaa6c	-
5562c140	Social insurance
3234fdd9	-
1486145d	-
6bb17294	Contract
443470a5	Contracts
43f239ff	-
a6731ae6	-
3fbbefd4	-
9dee98de	-
33a60d55	Promotions
65cdbc8a	Negotiation
5d24fd59	-
7682b98d	-
d958ea6b	-
f28eb021	The Gulf
20a02b28	-
3f8cbd03	-
b35b68f5	-
1ccd12e7	-
4a07a7fb	-
76394460	-
a74ecc3b	Travel
05bc3ec0	-
09f09416	-
1f41e676	-
37eda78a	-
6de15e58	-
f98d5b07	-
0cbb0ae8	-
4015344e	-
46a37847	-
b1e23071	-
c4faa906	HVAC
feb5ee37	-
6b1e46ff	-
c7999375	-
01662a2a	-
5629e634	-
b16555cf	-
f409eb4a	-
232e4bfb	-
41365650	Orascom
0a4e4a6b	The Arab Contractors
5314ef00	-
f2fa5dff	-
11b54b2f	Hassan Allam
9e3de167	-
037ac96c	-
5140ab74	-
35aa91db	-
cb572204	Training
053abf8d	-
4507008d	-
d8f55221	-
21e8f84e	-
f9c75e3d	Master’s degree
733c8882	-
2f155a11	-
a2edd31e	Consultant
3bc619e9	-
a08ee73f	Contractor
3eb5e175	Contracting
f4ed366a	-
5c9e4681	Working hours
0be90459	Working hours
d45fb43c	Work
76c80246	-
c4b0928b	-
aaa2d996	-
41014656	years
707c299a	Project
d3b9a9e4	Projects
45075767	Projects
c6c05368	Review
4de47ee7	-
8e8b6465	-
b32e6d49	Reviews
552e365a	Reveal
21e5e0ee	-
5e37155f	-
