# _app_3c_cv — CV parsing: section-name aliases, date and tool patterns and action verbs are internal ('-'); labels shown in results are translated. Generated CV text stays in the CV's own language ('-').
001506b0	Couldn’t load the reading library — check your connection
2b84b9ff	Old .doc files aren’t supported — save it as .docx or PDF
e92418d2	Contact details
08d17b7e	Contact details
8f4c5a05	Contact details
097a8791	Contact details
76c1a0cd	Personal details
42d3fbe1	Personal details
b7cab475	Personal details
9bfdcc47	Personal details
b9dc844d	Contact details
b8db01ca	Summary
1bcb81dd	Professional summary
cd172460	Summary
f156b10d	Professional summary
10b54a46	Summary
e5588b4e	Summary
665f858e	Summary
f0abcf22	Objective
437ed420	Objective
ff202929	Objective
e985c4d0	Summary
8b57ba26	Summary
2f1419b7	Profile
c81bd058	Experience
98a6f630	Work experience
5c0310d3	Work experience
a402b542	Professional experience
d27268bc	Professional experience
f29b3afb	Employment history
46764572	Employment history
397571d4	Employment history
6f385077	Employment history
aa387fc1	Professional experience
743b11ac	Internships
2ae81ad4	Internships
68f42cb2	Experience
c7a74293	Work experience
f18ce12b	Education
a8b95286	Qualifications
16559afa	Qualifications
6d79ed8c	Qualifications
0c98ecc7	Qualifications
2def089a	Qualifications
b7734d1c	Qualifications
7fdb63dd	Qualifications
7c9a247c	Education
52922c77	Education & qualifications
f421103d	Qualifications
7b9e155d	Education
c5662554	Qualifications
68f68456	Education & qualifications
b7038fa5	Skills
51d5c8f9	Skills
208d0f12	Technical skills
670904f5	Technical skills
94a277ca	Software
d05778be	Skills & software
d5bdeb78	Computer skills
8f2d3be5	Computer skills
3a9a2e98	Software
8521093b	Skills
5bc544c1	Areas of expertise
14b3e57c	Skills
055bda5b	Skills
46c526cf	Projects
58ecc9f9	Projects
5a152ca8	Key projects
d7445b14	Key projects
8e8423a1	Projects
ab41a00c	Achievements
4356271e	Achievements
0c9cb06a	Achievements
cfaf14c7	Awards
efe733bc	Projects
e13a00a8	Key projects
208ac4c7	Certifications
a9cd10ca	Courses
8152e00a	Training
7325e229	Courses
087910ef	Certifications & courses
45e759b0	Certifications & courses
8742c4af	Certifications
7f25cae7	Certifications & courses
288c00ea	Courses
ef815ca4	Certifications & courses
c8ee295d	Certifications
b488c7b8	Certifications
f3ed5f4b	Languages
d76522a0	Language
01f217aa	Languages
118f66bf	Languages
34fc212c	Hobbies
c8d7afb1	Interests
680a5d53	References
14269390	Activities
de0ddf23	Activities
a9fd6c00	Volunteering
a8c970d4	Volunteering
13debb82	Posts
d29a7c32	Memberships
633938ac	Additional information
87d6ac98	Additional information
83b4b55a	Other
c9b75c91	Other
9d976562	Declaration
c9c836a2	-
e9c895e2	-
5d4864da	-
d91f9157	Present
793b2633	-
07cda8ee	-
3f3ba3db	-
e5072d1e	-
82e87407	-
587faf5a	-
79025a9f	ECP (Egyptian Code)
baf7af85	Egyptian Fire Code
68cd2569	Interim payments (IPCs)
01b2e88a	Residential
15995d18	Administrative & commercial
1af44a67	Towers
e7c9ebd6	Hotels
6a1ac0fc	Hospitals
29fbcd7b	Educational
d1b6acf1	Industrial
51594e8b	Infrastructure
45a891e3	Water & treatment plants
31cc2a40	Energy
847c54ab	Government & urban
10c4fe32	English
3c43e065	French
a21349c4	German
1848f666	Italian
af7387d1	Spanish
3c806cbc	Turkish
00dc9c86	Chinese
22a237c7	Russian
b77306bb	Electronics & Communications Engineer
cb9534df	Computer / Software Engineer
b828a4dd	Chemical / Petroleum Engineer
58dd7a50	Industrial Engineer
0708d22d	Mechatronics Engineer
485e7b85	Environmental / Public Health Engineer
67e26584	Biomedical Engineer
3bfa726b	Mining / Metallurgy Engineer
0f122bcf	Aerospace / Marine Engineer
c3c916ed	Bachelor’s
ee81f1d1	PhD
8c64c2ce	Diploma
cf22c57c	-
e0954e40	-
2a070418	-
75378c08	-
f813c330	-
15fe1b94	-
05d05746	-
6e7310c7	-
be9ea96c	-
419f4677	-
6cf5b8e0	-
96f0e114	-
18e06267	-
e44cd4b0	-
dc90908e	-
1a5f2e90	-
979858d0	-
67c156d8	-
6180a49a	-
a2d76986	-
bb41ee02	-
f6f7f624	-
96a59a1a	-
09a21034	-
46428c42	-
0b3f7e5b	-
b09b4a7a	-
9584ff2d	-
8d40c0d7	-
8446ae21	-
660d72d0	-
4b6b281b	-
ab3732d8	-
dda2642c	-
3ee1ff0a	-
1be90b32	-
fd2a75af	-
2f863b59	Key achievement:
3db1bc34	-
