# Sign-in with Google, Apple and phone; confirming an e-mail from any device; completing the profile
ae775776	Your e-mail is confirmed — sign in to continue
cc5c5ee3	Open the reset link on the device you requested it from
a8bdc009	Sign out
528d3fb3	Complete your profile
b2af0178	Start
28a51326	Continue with Google
c8944870	{0} Continue with Google
77c1e20d	Continue with Apple
28e8efde	{0} Continue with Apple
30ed1949	Continue with phone number
3961565e	or with e-mail
0a9be4fc	{0}or with e-mail{1}
9b54e4b7	Enter a valid Egyptian mobile number, e.g. 01012345678
19da82e6	Enter the 6-digit code
53b0bcf5	With e-mail
e1834690	Sign in with your phone number
e032e162	We send a 6-digit code by text message. Your number is never shown to any member.
67c7c734	Mobile number
9f87d9af	Send the code
b9da6a49	{0} Send the code
8ad6f8a2	We sent the code to
d93c7991	We sent the code to {0}
9c64331d	Code
5aff9521	{0} Sign in
5a90a18e	Resend in
4fb6b52e	s
91b2088a	Resend in {0} s
e5ab4ccb	Resend the code
72813438	Your e-mail isn't confirmed yet — open the link in the message (from any device)
733df1d4	Confirm your e-mail
811799c1	We sent a message to
f66f4acb	. Open the link in it on any device — your phone or your laptop — and you'll be signed in here within seconds.
21d913ea	We sent a message to {0}. Open the link in it on any device — your phone or your laptop — and you'll be signed in here within seconds.
6e03fe71	Waiting for confirmation…
ea521d30	Or type the code from the message
911aafd4	Confirm
1f47b689	{0} Confirm
334cce85	I've confirmed — sign in now
1e9b4c74	Sent again
2f9d0ffd	Didn't get it? Resend
