# Admin entry on mobile, native sign-in return, HR tools, general posts, custom checklist items, net salaries
30d6fd88	Couldn't finish signing in — try again
e47d3819	HR account: among the tools, only the CV review is available
b8184d6e	Not available to HR accounts
5a012907	Custom items
3d324578	Delete item
1ef0cc68	An extra item to inspect — e.g. drain openings clean
fd7bff0e	Add custom item
2ebdb1e3	Where does it go?
91c1f915	Where does it go? {0}
ee703e1a	· the room is optional
bd02714a	General post
9eb17129	Review candidates' CVs against contractor and consultant standards — on your device, without uploading the file anywhere.
079d85e9	Net monthly — what reaches the account after income tax and social insurance (basic + fixed allowances, no yearly bonuses). The model is calibrated on gross anchors (minimum wage, insurable cap) and converted to net with the current tax law · private sector · Greater Cairo = 1.00
a29d2d31	Where it sits in the market, in net, and your counter-offer
3637bfd7	Net & gross
1c269ee7	Convert between net and gross
a811af2a	Net salary
64db5c89	Your net salary
1c08941e	Your net salary {0} EGP {1} for this experience. {2} The simulation finished on your device and nothing was sent.
b2a4f69c	Monthly net salary
10c02a42	Net: what reaches your account each month after tax and social insurance, without yearly bonuses. The net median for your experience in
71ada1db	Net: what reaches your account each month after tax and social insurance, without yearly bonuses. The net median for your experience in {0}: {1} EGP.
f6171ada	From net to gross
19fb31c3	Monthly net
e2c58f77	Equivalent gross
67eee268	Equivalent gross {0} EGP a month
ffee51ff	Evaluate a job offer with this net
69e5259c	Monthly net basic
221b6144	Monthly allowances (net)
aa2afcc1	Net of the offer per month (basic + allowances)
69ac3d1c	Net for the whole year (with bonuses, approx.)
c43effa9	Net basic
608bfe7d	Allowances (net)
94fbea19	Offer (net)
8c858231	Market median (net)
212d4a56	Your current net salary
66506c6d	The offer there (net)
2d7fb8bc	Net median
aef7b4fb	Recorded net range
a19ae337	EGP net / month
6b71d01c	Net median by title
765c108c	EGP net ±15%.
5d8ca88c	The company wrote no number — the platform doesn't allow it. The range is computed from market data for the same category, and the median is {0} EGP net ±15%.
a0dc0246	Equivalent gross of the median
35749e85	Net monthly in EGP — what reaches your account after tax and social insurance · model
a27b6e28	Net monthly in EGP — what reaches your account after tax and social insurance · model {0}
0abe28ea	Equivalent gross? Net & gross calculator
46f2deef	EGP net ·
679a463f	Expected median {0} EGP net · {1} reports
