# Team contact in Messages, admin permanent delete
8b665612	Content deleted permanently
69fec8b5	deletes
1951f20c	from the database and cannot be recovered. To hide it for now, use «Hide».
9eaa7ac9	{0} This deletes {1} from the database and it cannot be recovered. To hide it for now, use «Hide».
8cd7ef6e	Delete permanently?
7403f80b	the post and every reply to it
fef4286c	the reply and everything under it
822741d8	the item
f2dde4fd	Show
61cb8249	Message the EngSpace team
6b3d3e7e	Message the EngSpace team {0}
97c5ab18	A question, a problem or a suggestion — it reaches the admin team and you follow the reply here
